Fantasy Points From Points,Player Name
-9.0,Arizona Cardinals DST
5.0,Atlanta Falcons DST
26.0,Baltimore Ravens DST
16.0,Buffalo Bills DST
-1.0,Carolina Panthers DST
6.0,Chicago Bears DST
4.0,Cincinnati Bengals DST
5.0,Cleveland Browns DST
12.0,Dallas Cowboys DST
1.0,Denver Broncos DST
-3.0,Detroit Lions DST
8.0,Green Bay Packers DST
8.0,Houston Texans DST
-3.0,Indianapolis Colts DST
5.0,Jacksonville Jaguars DST
23.0,Kansas City Chiefs DST
13.0,Las Vegas Raiders DST
5.0,Los Angeles Chargers DST
1.0,Los Angeles Rams DST
2.0,Miami Dolphins DST
12.0,Minnesota Vikings DST
9.0,New England Patriots DST
17.0,New Orleans Saints DST
0.0,New York Giants DST
10.0,New York Jets DST
-6.0,Philadelphia Eagles DST
13.0,Pittsburgh Steelers DST
18.0,San Francisco 49ers DST
0.0,Seattle Seahawks DST
17.0,Tampa Bay Buccaneers DST
6.0,Tennessee Titans DST
-20.0,Washington Commanders DST
