Player Name,First Season
A.J. Brown,2019.0
A.J. Derby,2016.0
A.J. Green,2011.0
A.J. McCarron,2015.0
A.T. Perry,2023.0
AJ Barner,2024.0
AJ Cole III,2019.0
AJ Dillon,2020.0
Aaron Jones,2017.0
Aaron Rodgers,2005.0
Aaron Shampklin,2024.0
Adam Humphries,2015.0
Adam Prentice,2021.0
Adam Shaheen,2017.0
Adam Thielen,2014.0
Adam Trautman,2020.0
Adam Vinatieri,1996.0
Adonai Mitchell,2024.0
Adrian Killins,2020.0
Adrian Peterson,2002.0
Aidan O'Connell,2023.0
Ainias Smith,2024.0
Alan Cross,2016.0
Albert Okwuegbunam,2020.0
Albert Wilson,2014.0
Aldrick Robinson,2012.0
Aldrick Rosas,2017.0
Alec Ingold,2019.0
Alec Pierce,2022.0
Alex Armah,2017.0
Alex Bachman,2020.0
Alex Collins,2016.0
Alex Erickson,2016.0
Alex Kessman,2021.0
Alex Smith,2005.0
Alex Tanney,2015.0
Alexander Hollins,2019.0
Alexander Mattison,2019.0
Alfred Blue,2014.0
Alfred Morris,2012.0
Allen Hurns,2014.0
Allen Lazard,2018.0
Allen Robinson,2014.0
Alshon Jeffery,2012.0
Alvin Kamara,2017.0
Amari Cooper,2015.0
Amari Rodgers,2021.0
Ameer Abdullah,2015.0
Amon-Ra St. Brown,2021.0
Anders Carlson,2023.0
Andre Baccellia,2022.0
Andre Holmes,2012.0
Andre Patton,2019.0
Andre Roberts,2010.0
Andrei Iosivas,2023.0
Andrew Beck,2019.0
Andrew Luck,2012.0
Andrew Ogletree,2023.0
Andy Dalton,2011.0
Andy Isabella,2019.0
Andy Janovich,2016.0
Andy Jones,2017.0
Andy Lee,2004.0
Anthony Brown,1989.0
Anthony Firkser,2018.0
Anthony Gould,2024.0
Anthony McFarland Jr.,2020.0
Anthony Miller,1988.0
Anthony Richardson,2023.0
Anthony Schwartz,2021.0
Anthony Sherman,2011.0
Antoine Green,2023.0
Antoine Wesley,2021.0
Antonio Brown,2003.0
Antonio Callaway,2018.0
Antonio Gandy-Golden,2020.0
Antonio Gates,2003.0
Antonio Gibson,2020.0
Antonio Williams,2020.0
Antony Auclair,2017.0
Arizona Cardinals DST,
Armani Rogers,2022.0
Arryn Siposs,2021.0
Artavis Pierce,2020.0
Ashton Dulin,2019.0
Atlanta Falcons DST,
Auden Tate,2018.0
Audric Estime,2024.0
Austin Carr,2017.0
Austin Ekeler,2017.0
Austin Hooper,2016.0
Austin Mack,2020.0
Austin Seferian-Jenkins,2014.0
Austin Seibert,2019.0
Austin Trammell,2022.0
Austin Walter,2019.0
Avery Williams,2022.0
Bailey Zappe,2022.0
Baker Mayfield,2018.0
Baltimore Ravens DST,
Baylor Cupp,2024.0
Ben Braunecker,2016.0
Ben DiNucci,2020.0
Ben Ellefson,2020.0
Ben Koyack,2016.0
Ben Roethlisberger,2004.0
Ben Sims,2023.0
Ben Sinnott,2024.0
Ben Skowronek,2021.0
Ben Watson,2004.0
Bennie Fowler,2015.0
Benny Cunningham,2013.0
Benny Snell Jr.,2019.0
Bijan Robinson,2023.0
Bilal Powell,2011.0
Blaine Gabbert,2011.0
Blake Bell,2015.0
Blake Bortles,2014.0
Blake Corum,2024.0
Blake Gillikin,2021.0
Blake Grupe,2023.0
Blake Jarwin,2017.0
Blake Watson,2024.0
Blake Whiteheart,2023.0
Bo Melton,2023.0
Bo Nix,2024.0
Bo Scarbrough,2019.0
Bobo Wilson,2017.0
Boston Scott,2018.0
Braden Mann,2020.0
Bradley Pinion,2015.0
Braelon Allen,2024.0
Brandin Cooks,2014.0
Brandon Aiyuk,2020.0
Brandon Allen,2019.0
Brandon Aubrey,2023.0
Brandon Bolden,2012.0
Brandon Dillon,2019.0
Brandon Johnson,2006.0
Brandon LaFell,2010.0
Brandon Marshall,2006.0
Brandon McManus,2014.0
Brandon Powell,2018.0
Brandon Weeden,2012.0
Brandon Wilds,2016.0
Brandon Wright,2020.0
Brandon Zylstra,2018.0
Braxton Berrios,2019.0
Brayden Narveson,2024.0
Brayden Willis,2023.0
Braylon Sanders,2022.0
Breece Hall,2022.0
Brenden Bates,2024.0
Brenton Strange,2023.0
Breshad Perriman,2016.0
Brett Hundley,2016.0
Brett Kern,2008.0
Brett Maher,2018.0
Brett Rypien,2020.0
Brevin Jordan,2021.0
Brevyn Spann-Ford,2024.0
Brian Hill,2017.0
Brian Hoyer,2009.0
Brian Johnson,2021.0
Brian Parker,2015.0
Brian Quick,2012.0
Brian Robinson Jr.,2022.0
Brian Thomas,1995.0
Brice Butler,2013.0
Britain Covey,2023.0
British Brooks,2024.0
Britton Colquitt,2010.0
Brock Bowers,2024.0
Brock Osweiler,2012.0
Brock Purdy,2022.0
Brock Wright,2021.0
Bruce Ellington,2014.0
Bruce Miller,2011.0
Bryan Anger,2012.0
Bryan Edwards,2020.0
Bryce Baringer,2023.0
Bryce Oliver,2024.0
Bryce Perkins,2022.0
Bryce Young,2023.0
Brycen Hopkins,2020.0
Brycen Tremayne,2024.0
Bub Means,2024.0
Bucky Irving,2024.0
Buddy Howell,2018.0
Buffalo Bills DST,
Byron Marshall,2016.0
Byron Pringle,2019.0
C.J. Anderson,2013.0
C.J. Beathard,2017.0
C.J. Board,2019.0
C.J. Ham,2017.0
C.J. Prosise,2016.0
C.J. Saunders,2021.0
C.J. Stroud,2023.0
C.J. Uzomah,2015.0
Cade Johnson,2022.0
Cade Otton,2022.0
Cade Stover,2024.0
Cade York,2022.0
Cairo Santos,2014.0
Caleb Huntley,2022.0
Caleb Shudak,2022.0
Caleb Sturgis,2013.0
Caleb Williams,2024.0
Calvin Austin III,2023.0
Calvin Ridley,2018.0
Cam Akers,2020.0
Cam Grandy,2024.0
Cam Little,2024.0
Cam Newton,2011.0
Cam Phillips,2018.0
Cam Sims,2018.0
Cameron Artis-Payne,2015.0
Cameron Batson,2018.0
Cameron Brate,2014.0
Cameron Dicker,2022.0
Cameron Johnston,2018.0
Cameron Meredith,2015.0
Cameron Nizialek,2021.0
Carlos Hyde,2014.0
Carolina Panthers DST,
Carson Steele,2024.0
Carson Wentz,2016.0
Case Keenum,2013.0
Casey Washington,2024.0
Cedric Tillman,1992.0
Cedrick Wilson Jr.,2019.0
CeeDee Lamb,2020.0
Cethan Carter,2017.0
Chad Beebe,2018.0
Chad Hansen,2017.0
Chad Henne,2008.0
Chad Kelly,2018.0
Chad Ryland,2023.0
Chad Williams,2017.0
Chandler Catanzaro,2014.0
Chandler Cox,2019.0
Charcandrick West,2014.0
Charles Clay,2011.0
Charles Jones,2019.0
Charlie Jones,1996.0
Charlie Kolar,2022.0
Charlie Woerner,2020.0
Charone Peake,2016.0
Chase Brown,2023.0
Chase Claypool,2020.0
Chase Daniel,2010.0
Chase Edmonds,2018.0
Chase McLaughlin,2019.0
Chester Rogers,2016.0
Chicago Bears DST,
Chigoziem Okonkwo,2022.0
Chris Blair,2023.0
Chris Blewitt,2021.0
Chris Boswell,2015.0
Chris Brooks,2023.0
Chris Carson,2017.0
Chris Collier,2024.0
Chris Conley,2015.0
Chris Evans,2021.0
Chris Godwin,2017.0
Chris Herndon,2018.0
Chris Hogan,2013.0
Chris Ivory,2010.0
Chris Jones,1995.0
Chris Lacy,2018.0
Chris Manhertz,2016.0
Chris Moore,1993.0
Chris Myarick,2020.0
Chris Naggar,2021.0
Chris Oladokun,2024.0
Chris Olave,2022.0
Chris Rodriguez,2023.0
Chris Streveler,2020.0
Chris Thompson,2013.0
Christian Blake,2019.0
Christian Kirk,2018.0
Christian McCaffrey,2017.0
Christian Watson,2022.0
Christine Michael,2013.0
Chuba Hubbard,2021.0
Cincinnati Bengals DST,
Clayton Tune,2023.0
Cleveland Browns DST,
Clive Walford,2015.0
Clyde Edwards-Helaire,2020.0
Codey McElroy,2019.0
Cody Core,2016.0
Cody Hollister,2019.0
Cody Kessler,2016.0
Cody Latimer,2014.0
Cody Parkey,2014.0
Cody Schrader,2024.0
Cody Thompson,2021.0
Cody White,2013.0
Colby Parkinson,2020.0
Colby Wadman,2018.0
Cole Beasley,2012.0
Cole Fotheringham,2023.0
Cole Kmet,2020.0
Cole Turner,2022.0
Cole Wick,2016.0
Colin Thompson,2020.0
Collin Johnson,2020.0
Colt McCoy,2010.0
Colton Dowell,2023.0
Connor Heyward,2022.0
Cooper Kupp,2017.0
Cooper Rush,2017.0
Cordarrelle Patterson,2013.0
Corey Bojorquez,2018.0
Corey Clement,2017.0
Corey Coleman,2016.0
Corey Davis,2017.0
Corey Grant,2015.0
Courtland Sutton,2018.0
Craig Reynolds,2019.0
Cullen Gillaspia,2019.0
Curtis Samuel,2017.0
Cyril Grayson,2019.0
D'Andre Swift,2020.0
D'Ernest Johnson,2019.0
D'Onta Foreman,2017.0
D'Wayne Eskridge,2021.0
D.J. Foster,2016.0
D.J. Montgomery,2021.0
D.J. Moore,2018.0
D.K. Metcalf,2019.0
DJ Chark,2018.0
DJ Turner,2022.0
Da'Mari Scott,2018.0
DaeSean Hamilton,2018.0
Dak Prescott,2016.0
Dallas Cowboys DST,
Dallas Goedert,2018.0
Dallin Holker,2024.0
Dalton Keene,2020.0
Dalton Kincaid,2023.0
Dalton Schultz,2018.0
Dalvin Cook,2017.0
Dalyn Dawkins,2018.0
Damarea Crockett,2021.0
Dameon Pierce,2022.0
Damien Harris,2019.0
Damien Williams,2014.0
Damiere Byrd,2016.0
Damion Ratley,2018.0
Damion Willis,2019.0
Dan Arnold,2018.0
Dan Bailey,2011.0
Dan Chisena,2020.0
Daniel Bellinger,2022.0
Daniel Brown,1950.0
Daniel Carlson,2018.0
Daniel Helm,2020.0
Daniel Jones,1993.0
Daniel Whelan,2023.0
Danny Amendola,2009.0
Danny Gray,2022.0
Danny Vitale,2016.0
Dante Pettis,2018.0
Dare Ogunbowale,2017.0
Dareke Young,2022.0
Darius Bradwell,2020.0
Darius Jackson,2018.0
Darius Jennings,2015.0
Darius Slayton,2019.0
Darnell Mooney,2020.0
Darnell Washington,2023.0
Darrel Williams,2018.0
Darrell Daniels,2017.0
Darrell Henderson,2019.0
Darren Fells,2014.0
Darren Sproles,2005.0
Darren Waller,2015.0
Darrius Heyward-Bey,2009.0
Darrius Shepherd,2019.0
Darrynton Evans,2020.0
Darvin Kidsy,2018.0
Darwin Thompson,2019.0
Daurice Fountain,2018.0
Davante Adams,2014.0
David Bell,2022.0
David Blough,2019.0
David Fales,2016.0
David Fluellen,2017.0
David Grinnage,2018.0
David Johnson,2014.0
David Martin-Robinson,2024.0
David Montgomery,2019.0
David Moore,2009.0
David Morgan,1966.0
David Njoku,2017.0
David Sills,2021.0
David Wells,2021.0
David Williams,2011.0
Davion Davis,2019.0
Davis Allen,2023.0
Davis Mills,2021.0
Davis Webb,2021.0
Dawson Knox,2019.0
Dax Milne,2021.0
Daylen Baldwin,2022.0
Dazz Newsome,2021.0
De'Angelo Henderson,2017.0
De'Anthony Thomas,2014.0
De'Lance Turner,2018.0
De'Von Achane,2023.0
DeAndre Carter,2018.0
DeAndre Hopkins,2013.0
DeAndre Washington,2016.0
DeAndrew White,2015.0
DeMichael Harris,2020.0
DeSean Jackson,2008.0
DeShone Kizer,2017.0
DeVante Parker,2015.0
DeVonta Smith,2021.0
Dede Westbrook,2017.0
DeeJay Dallas,2020.0
Deebo Samuel,2019.0
Delanie Walker,2006.0
Demarcus Robinson,2016.0
Demario Douglas,2023.0
Demaryius Thomas,2010.0
Demetric Felton,2021.0
Demetrius Harris,2014.0
Dennis Houston,2022.0
Denver Broncos DST,
Denzel Mims,2020.0
Deon Cain,2019.0
Deon Jackson,2021.0
Deon Yelder,2018.0
Deontay Burnett,2018.0
Deonte Harty,2019.0
Deonte Thompson,2012.0
Derek Anderson,2006.0
Derek Carr,2014.0
Derek Carrier,2013.0
Derek Watt,2016.0
Derius Davis,2023.0
Derrick Coleman,2013.0
Derrick Gore,2021.0
Derrick Henry,2016.0
Derrick Willies,2018.0
Derrius Guice,2019.0
Deshaun Watson,2017.0
Desmond Ridder,2022.0
Detrez Newsome,2018.0
Detroit Lions DST,
Deuce Vaughn,2023.0
Devaughn Vele,2024.0
Deven Thompkins,2022.0
Devin Asiasi,2020.0
Devin Culp,2024.0
Devin Duvernay,2020.0
Devin Funchess,2015.0
Devin Singletary,2019.0
Devin Smith,
Devine Ozigbo,2019.0
Devlin Hodges,2019.0
Devonta Freeman,2014.0
Devontae Booker,2016.0
Devontez Walker,2024.0
Dexter Williams,2019.0
Dez Bryant,2010.0
Dez Fitzpatrick,2021.0
Dezmon Patmon,2020.0
Dion Lewis,2011.0
Dion Sims,2013.0
Diontae Johnson,2019.0
Diontae Spencer,2019.0
Dominik Eberle,2021.0
Dominique Dafney,2020.0
Donald Parham,2020.0
Donovan Peoples-Jones,2020.0
Dontayvion Wicks,2023.0
Donte Moncrief,2014.0
Dontrell Hilliard,2018.0
Dontrelle Inman,2014.0
Dorian Thompson-Robinson,2023.0
Doug Baldwin,2011.0
Doug Martin,2012.0
Drake London,2022.0
Drake Maye,2024.0
Drew Brees,2001.0
Drew Lock,2019.0
Drew Sample,2019.0
Duke Johnson,2015.0
Duke Williams,2013.0
Durham Smythe,2018.0
Dustin Colquitt,2005.0
Dustin Hopkins,2015.0
Dwayne Allen,2012.0
Dwayne Harris,2012.0
Dwayne Haskins,2019.0
Dwayne Washington,2016.0
Dyami Brown,2021.0
Dylan Laube,2024.0
E.J. Jenkins,2024.0
Easop Winston,2021.0
Easton Stick,2020.0
Ed Dickson,2010.0
Eddy PiÃ±eiro,
Eli Manning,1971.0
Eli Rogers,2016.0
Elijah Cooks,2023.0
Elijah Dotson,2023.0
Elijah Higgins,2023.0
Elijah McGuire,2017.0
Elijah Mitchell,2021.0
Elijah Moore,2021.0
Elijhaa Penny,2017.0
Elliott Fry,2020.0
Emanuel Wilson,2023.0
Emari Demercado,2023.0
Emmanuel Sanders,2010.0
Eno Benjamin,2021.0
Equanimeous St. Brown,2018.0
Eric Ebron,2014.0
Eric Gray,2023.0
Eric Saubert,2017.0
Eric Tomlinson,2016.0
Erick All,2024.0
Erik Ezukanma,2022.0
Erik Swoope,2015.0
Ethan Evans,2023.0
Ethan Wolf,2021.0
Evan Engram,2017.0
Evan Hull,2023.0
Evan McPherson,2021.0
Ezekiel Elliott,2016.0
Feleipe Franks,2021.0
Foster Moreau,2019.0
Frank Darby,2021.0
Frank Gore,2005.0
Fred Brown,1961.0
Freddie Martino,2014.0
Freddie Swain,2020.0
Gabe Nabers,2020.0
Gabriel Davis,2020.0
Gardner Minshew II,2019.0
Garrett Celek,2012.0
Garrett Gilbert,2018.0
Garrett Griffin,2017.0
Garrett Wilson,2022.0
Gary Brightwell,2021.0
Gehrig Dieter,2018.0
Geno Smith,2013.0
Geoff Swaim,2015.0
George Holani,2024.0
George Kittle,2017.0
George Pickens,2022.0
Gerald Everett,2017.0
Geremy Davis,2015.0
Geronimo Allison,2016.0
Giorgio Tavecchio,2017.0
Giovani Bernard,2013.0
Giovanni Ricci,2021.0
Godwin Igwebuike,2018.0
Golden Tate,2010.0
Graham Gano,2009.0
Grant Calcaterra,2022.0
Grant Dubose,2024.0
Green Bay Packers DST,
Greg Dortch,2019.0
Greg Dulcich,2022.0
Greg Joseph,2018.0
Greg Olsen,2007.0
Greg Ward,2019.0
Greg Zuerlein,2012.0
Gunner Olszewski,2019.0
Gus Edwards,2018.0
Hakeem Butler,2020.0
Hakeem Valles,2016.0
Hale Hentges,2019.0
Harrison Bryant,2020.0
Harrison Butker,2017.0
Hassan Haskins,2022.0
Hayden Hurst,2018.0
Hendon Hooker,2024.0
Henry Ruggs III,2020.0
Houston Texans DST,
Hunter Bryant,2020.0
Hunter Henry,2016.0
Hunter Long,2021.0
Hunter Luepke,2023.0
Hunter Renfrow,2019.0
Ian Book,2021.0
Ian Thomas,2018.0
Ihmir Smith-Marsette,2021.0
Indianapolis Colts DST,
Irv Smith Jr.,2019.0
Irvin Charles,1968.0
Isaac Guerendo,2024.0
Isaac Nauta,2019.0
Isaiah Coulter,2020.0
Isaiah Crowell,2014.0
Isaiah Davis,2024.0
Isaiah Ford,2018.0
Isaiah Hodgins,2021.0
Isaiah Likely,2022.0
Isaiah McKenzie,2017.0
Isaiah Spiller,2022.0
Isaiah Williams,
Isaiah Wright,2020.0
Isaiah Zuber,2020.0
Ishmael Hyman,2019.0
Isiah Pacheco,2022.0
Israel Abanikanda,2023.0
Ito Smith,2018.0
J'Mon Moore,2018.0
J.D. McKissic,2016.0
J.J. Taylor,2020.0
J.K. Dobbins,2020.0
J.P. Holtz,2019.0
JJ Arcega-Whiteside,2019.0
JJ Jones,1975.0
JJ Nelson,2015.0
JK Scott,2018.0
Ja'Lynn Polk,2024.0
Ja'Marcus Bradley,2020.0
Ja'Marr Chase,2021.0
Ja'Tavion Sanders,2024.0
JaQuan Hardy,2021.0
Jace Sternberger,2019.0
Jack Browning,2024.0
Jack Doyle,2013.0
Jack Fox,2020.0
Jack Stoll,2021.0
Jacksonville Jaguars DST,
Jacob Cowing,2024.0
Jacob Eason,2021.0
Jacob Harris,2021.0
Jacob Hollister,2017.0
Jacob Kibodi,2024.0
Jacoby Brissett,2016.0
Jacques Patrick,2021.0
Jacquizz Rodgers,2011.0
Jaeden Graham,2019.0
Jaelon Darden,2021.0
Jahan Dotson,2022.0
Jaheim Bell,2024.0
Jahmyr Gibbs,2023.0
Jake Bailey,2019.0
Jake Bates,2024.0
Jake Bobo,2023.0
Jake Browning,2023.0
Jake Butt,2018.0
Jake Camarda,2022.0
Jake Elliott,2017.0
Jake Ferguson,2022.0
Jake Fromm,2021.0
Jake Funk,2021.0
Jake Haener,2024.0
Jake Kumerow,2018.0
Jake Luton,2020.0
Jake Moody,2023.0
Jake Tonges,2022.0
Jakeem Grant,2016.0
Jakob Johnson,2019.0
Jakobi Meyers,2019.0
Jaleel McLaughlin,2023.0
Jaleel Scott,2019.0
Jalen Brooks,2023.0
Jalen Camp,2021.0
Jalen Coker,2024.0
Jalen Guyton,2019.0
Jalen Hurts,2020.0
Jalen McMillan,2024.0
Jalen Nailor,2022.0
Jalen Reagor,2020.0
Jalen Richard,2016.0
Jalen Tolbert,2022.0
Jalen Tolliver,2018.0
Jalen Virgil,2022.0
Jalin Hyatt,2023.0
Jamaal Charles,2010.0
Jamaal Williams,2017.0
Jamal Agnew,2017.0
Jamari Thrash,2024.0
Jameis Winston,2015.0
James Conner,2017.0
James Cook,2022.0
James Develin,2012.0
James Mitchell,1976.0
James O'Shaughnessy,2015.0
James Proche,2020.0
James Robinson,2020.0
James Washington,2018.0
James White,2000.0
Jameson Williams,2022.0
Jamie Gillan,2019.0
Jamison Crowder,2015.0
Jamize Olawale,2012.0
Jamycal Hasty,2020.0
Jared Cook,2009.0
Jared Goff,2016.0
Jared Wiley,2024.0
Jaren Hall,2023.0
Jaret Patterson,2021.0
Jarius Wright,2012.0
Jaron Brown,2013.0
Jarrett Stidham,2019.0
Jarvis Landry,2014.0
Jase McClellan,2024.0
Jashaun Corbin,2023.0
Jason Brownlee,2023.0
Jason Cabinda,2018.0
Jason Croom,2018.0
Jason Huntley,2020.0
Jason Moore,2019.0
Jason Myers,2015.0
Jason Sanders,2018.0
Jason Witten,2003.0
Jauan Jennings,2021.0
Javon Baker,2024.0
Javon Wims,2018.0
Javonte Williams,2021.0
Javorius Allen,2015.0
Jawill Davis,2018.0
Jaxon Smith-Njigba,2023.0
Jay Ajayi,2015.0
Jayden Daniels,2024.0
Jayden Reed,2023.0
Jaydon Mickens,2017.0
Jaylen Samuels,2018.0
Jaylen Waddle,2021.0
Jaylen Warren,2022.0
Jaylen Wright,2024.0
Jeff Badet,2020.0
Jeff Driskel,2018.0
Jeff Heuerman,2016.0
Jeff Smith,1985.0
Jeff Wilson,2018.0
Jehu Chesson,2017.0
Jelani Woods,2022.0
Jeremy Hill,2014.0
Jeremy Kerley,2011.0
Jeremy Langford,2015.0
Jeremy McNichols,2017.0
Jeremy Ruckert,2022.0
Jeremy Sprinkle,2017.0
Jerick McKinnon,2014.0
Jermaine Burton,2024.0
Jermaine Gresham,2010.0
Jermaine Jackson,2024.0
Jermaine Kearse,2012.0
Jermar Jefferson,2021.0
Jerome Cunningham,2015.0
Jerome Ford,2022.0
Jerry Jeudy,2020.0
Jesper Horsted,2019.0
Jesse James,1984.0
Jha'Quan Jackson,2024.0
Jimmy Garoppolo,2014.0
Jimmy Graham,2010.0
Jody Fortson,2021.0
Joe Burrow,2020.0
Joe Flacco,2008.0
Joe Milton,2024.0
Joe Mixon,2017.0
Joe Reed,1948.0
Joe Webb,2010.0
Joey Slye,2019.0
John Bates,2021.0
John Brown,1926.0
John FitzPatrick,2023.0
John Hightower,1942.0
John Kelly,2018.0
John Lovett,2020.0
John Metchie,2023.0
John Parker Romo,2024.0
John Phillips,1970.0
John Ross,2017.0
John Samuel Shenker,2024.0
John Ursua,2019.0
John Wolford,2020.0
Johnny Hekker,2012.0
Johnny Holton,2016.0
Johnny Mundt,2017.0
Johnny Stanton,2020.0
Johnny Townsend,2018.0
Johnny Wilson,2024.0
Jojo Natson,2017.0
Jon Hilliman,2019.0
Jonathan Brown,
Jonathan Mingo,2023.0
Jonathan Stewart,1991.0
Jonathan Taylor,2020.0
Jonathan Ward,1999.0
Jonathan Williams,1984.0
Jonathon Brooks,2024.0
Jonnu Smith,2017.0
Jordan Addison,2023.0
Jordan Akins,2018.0
Jordan Berry,2015.0
Jordan Franks,2018.0
Jordan Howard,2016.0
Jordan Leggett,2018.0
Jordan Love,2021.0
Jordan Mason,2022.0
Jordan Matthews,2014.0
Jordan Mims,2023.0
Jordan Reed,2013.0
Jordan Scarlett,2019.0
Jordan Stout,2022.0
Jordan Thomas,2015.0
Jordan Whittington,2024.0
Jordan Wilkins,2018.0
Jordy Nelson,2008.0
Joseph Charlton,2020.0
Josh Adams,2018.0
Josh Ali,2022.0
Josh Allen,2014.0
Josh Bellamy,2012.0
Josh Doctson,2016.0
Josh Downs,2023.0
Josh Ferguson,2016.0
Josh Gordon,2012.0
Josh Hill,2013.0
Josh Jacobs,2019.0
Josh Johnson,2009.0
Josh Lambo,2015.0
Josh Malone,2017.0
Josh McCown,2002.0
Josh Oliver,2019.0
Josh Palmer,2021.0
Josh Reynolds,2017.0
Josh Rosen,2018.0
Josh Whyle,2023.0
Joshua Dobbs,2018.0
Joshua Karty,2024.0
Joshua Kelley,2020.0
Joshua Perkins,2016.0
Josiah Deguara,2020.0
JuJu Smith-Schuster,2017.0
Jude McAtamney,2024.0
Julian Edelman,2009.0
Julian Hill,2023.0
Julio Jones,2011.0
Julius Chestnut,2022.0
Justice Hill,2019.0
Justin Davis,2017.0
Justin Fields,2021.0
Justin Hardee,2017.0
Justin Hardy,2015.0
Justin Herbert,2020.0
Justin Hunter,2013.0
Justin Jackson,
Justin Jefferson,2020.0
Justin Tucker,2012.0
Justin Watson,1999.0
Justyn Ross,2023.0
Juwan Johnson,2020.0
Juwann Winfree,2019.0
K.J. Osborn,2020.0
KJ Hamler,2020.0
Ka'imi Fairbairn,2017.0
KaVontae Turpin,2022.0
Kaare Vedvik,2019.0
Kadarius Toney,2021.0
Kaden Smith,2019.0
Kahale Warring,2020.0
Kai Forbath,2012.0
Kalen Ballage,2018.0
Kalif Raymond,2016.0
Kamar Aiken,2011.0
Kameron Johnson,2024.0
Kansas City Chiefs DST,
Kapri Bibbs,2015.0
Kareem Hunt,2017.0
Kasey Redfern,2017.0
Kayshon Boutte,2023.0
Ke'Shawn Vaughn,2020.0
Keaontay Ingram,2022.0
Keaton Mitchell,2023.0
KeeSean Johnson,2019.0
Keelan Cole,2017.0
Keelan Doss,2019.0
Keenan Allen,2013.0
Keith Ford,2018.0
Keith Kirkwood,2018.0
Keith Smith,1984.0
Keke Coutee,2018.0
Kellen Mond,2021.0
Kelvin Benjamin,2014.0
Kelvin Harmon,2019.0
Kendall Blanton,2019.0
Kendall Hinton,2020.0
Kendre Miller,2023.0
Kendric Pryor,2024.0
Kendrick Bourne,2017.0
Kene Nwangwu,2021.0
Kenjon Barner,2013.0
Kenneth Dixon,2016.0
Kenneth Gainwell,2021.0
Kenneth Walker III,2022.0
Kenny Golladay,2017.0
Kenny McIntosh,2023.0
Kenny Pickett,2022.0
Kenny Stills,2013.0
Kenny Yeboah,2021.0
Kenyan Drake,2016.0
Keon Coleman,2024.0
Keon Hatcher,2018.0
Kerrith Whyte Jr,2019.0
Kerryon Johnson,2018.0
Kevin Austin,2024.0
Kevin Harris,2006.0
Kevin Rader,2020.0
Kevin White,2016.0
KhaDarel Hodge,2018.0
Khalil Herbert,2021.0
Khalil Shakir,2022.0
Khari Blasingame,2019.0
Khari Lee,2015.0
Kimani Vidal,2024.0
Kirk Cousins,2012.0
Kirk Merritt,2020.0
Ko Kieft,2022.0
Krishawn Hogan,2017.0
Kristian Wilkerson,2020.0
Kurt Benkert,2021.0
Kwamie Lassiter II,2022.0
Kyle Allen,2018.0
Kyle Juszczyk,2013.0
Kyle Lauletta,2018.0
Kyle Philips,2022.0
Kyle Pitts,2021.0
Kyle Rudolph,2011.0
Kyle Trask,2022.0
Kylen Granson,2021.0
Kyler Murray,2019.0
Kylin Hill,2021.0
Kyren Williams,2022.0
La'Mical Perine,2020.0
Lac Edwards,2016.0
Ladd McConkey,2024.0
Lamar Jackson,2007.0
Lamar Miller,2012.0
Lance Kendricks,2011.0
Lance McCutcheon,2022.0
Laquon Treadwell,2016.0
Larry Fitzgerald,2004.0
Larry Rountree,2021.0
Las Vegas Raiders DST,
Latavius Murray,2014.0
Laviska Shenault Jr.,2020.0
Lawrence Cager,2020.0
Le'Veon Bell,2013.0
LeGarrette Blount,2010.0
LeSean McCoy,2009.0
LeVante Bellamy,2020.0
Lee Smith,1953.0
Leonard Fournette,2017.0
Leonte Carroo,2016.0
Levine Toilolo,2013.0
Lil'Jordan Humphrey,2019.0
Lirim Hajrullahu,2021.0
Logan Cooke,2018.0
Logan Paulsen,2010.0
Logan Thomas,2014.0
Logan Woodside,2020.0
Los Angeles Chargers DST,
Los Angeles Rams DST,
Lucas Havrisik,2023.0
Lucas Krull,2022.0
Luke Falk,2019.0
Luke Farrell,2021.0
Luke McCaffrey,2024.0
Luke Musgrave,2023.0
Luke Schoonmaker,2023.0
Luke Stocker,2011.0
Luke Willson,2013.0
Lynn Bowden Jr.,2020.0
Mac Jones,2021.0
Mack Hollins,2017.0
Malachi Corley,2024.0
Malcolm Brown,2015.0
Malcolm Perry,2020.0
Malik Cunningham,2023.0
Malik Davis,2022.0
Malik Heath,2023.0
Malik Nabers,2024.0
Malik Taylor,2020.0
Malik Turner,2018.0
Malik Washington,2024.0
Malik Willis,2022.0
MarShawn Lloyd,2024.0
Marcedes Lewis,2006.0
Marcell Ateman,2018.0
Marcus Baugh,2020.0
Marcus Johnson,2017.0
Marcus Kemp,2017.0
Marcus Mariota,2015.0
Marcus Murphy,2015.0
Mark Andrews,2018.0
Mark Ingram,1987.0
Mark Sanchez,2009.0
Mark Walton,2018.0
Marlon Mack,2017.0
Marqise Lee,2014.0
Marquez Callaway,2020.0
Marquez Valdes-Scantling,2018.0
Marquise Brown,2019.0
Marquise Goodwin,2013.0
Marshawn Lynch,2007.0
Martavis Bryant,2014.0
Marvin Hall,2017.0
Marvin Harrison Jr.,2024.0
Marvin Jones,1987.0
Marvin Mims,2023.0
Mason Crosby,2007.0
Mason Kinsey,2022.0
Mason Rudolph,2019.0
Mason Schreck,2018.0
Mason Tipton,2024.0
Matt Ammendola,2021.0
Matt Barkley,2013.0
Matt Breida,2017.0
Matt Bryant,2002.0
Matt Cassel,2005.0
Matt Flanagan,2018.0
Matt Gay,2019.0
Matt Haack,2017.0
Matt LaCosse,2015.0
Matt Lengel,2016.0
Matt Moore,2003.0
Matt Prater,2007.0
Matt Ryan,2010.0
Matt Schaub,2004.0
Matt Wile,2016.0
Matthew Bosher,2011.0
Matthew Hayball,2024.0
Matthew McCrane,2018.0
Matthew Stafford,2009.0
Matthew Wright,2020.0
Maurice Alexander,2014.0
Maurice Ffrench,2021.0
Maurice Harris,2016.0
Maxx Williams,2015.0
Mecole Hardman,2019.0
Mekhi Sargent,2021.0
Melvin Gordon,2015.0
Miami Dolphins DST,
Michael Badgley,2018.0
Michael Bandy,2021.0
Michael Burton,2015.0
Michael Carter,1984.0
Michael Crabtree,2009.0
Michael Dickson,2018.0
Michael Floyd,1998.0
Michael Gallup,2018.0
Michael Mayer,2023.0
Michael Palardy,2016.0
Michael Penix,2024.0
Michael Pittman Jr.,2020.0
Michael Roberts,1972.0
Michael Thomas,1947.0
Michael Walker,2019.0
Michael Wilson,
Michael Woods II,2022.0
Mike Boone,2018.0
Mike Davis,
Mike Evans,2014.0
Mike Gesicki,2018.0
Mike Gillislee,2013.0
Mike Glennon,2013.0
Mike Nugent,2005.0
Mike Strachan,1975.0
Mike Thomas,1967.0
Mike Wallace,2009.0
Mike White,2021.0
Mike Williams,2018.0
Miles Boykin,2019.0
Miles Sanders,2019.0
Miller Forristall,2021.0
Minnesota Vikings DST,
Mitch Wishnowsky,2019.0
Mitchell Trubisky,2017.0
Mitchell Wilcox,2021.0
Mo Alie-Cox,2018.0
Mohamed Sanu,2012.0
Montrell Washington,2022.0
MyCole Pruitt,2015.0
Myles Gaskin,2019.0
N'Keal Harry,2019.0
Najee Harris,2021.0
Nate Adkins,2023.0
Nate McCrary,2021.0
Nate Sudfeld,2017.0
Nathan Cottrell,2021.0
Nathan Peterman,2017.0
Neal Sterling,2015.0
Nelson Agholor,2015.0
New England Patriots DST,
New Orleans Saints DST,
New York Giants DST,
New York Jets DST,
Nick Bawden,2019.0
Nick Bellore,2011.0
Nick Boyle,2015.0
Nick Chubb,2018.0
Nick Foles,2012.0
Nick Folk,2007.0
Nick Keizer,2020.0
Nick Mullens,2018.0
Nick Muse,2022.0
Nick O'Leary,2015.0
Nick Sciba,2022.0
Nick Vannett,2016.0
Nick Westbrook-Ikhine,2020.0
Nick Williams,2014.0
Nico Collins,2021.0
Nikko Remigio,2024.0
Niles Paul,2011.0
Noah Brown,2017.0
Noah Fant,2019.0
Noah Gray,2021.0
Noah Togiai,2020.0
Nsimba Webster,2019.0
Nyheim Hines,2018.0
O.J. Howard,2017.0
Oakland Raiders DST,
Odell Beckham Jr.,2014.0
Olabisi Johnson,2019.0
Olamide Zaccheaus,2019.0
Orson Charles,2012.0
P.J. Walker,2020.0
Parker Hesse,2021.0
Parker Washington,2023.0
Parris Campbell,2019.0
Pat Freiermuth,2021.0
Pat O'Donnell,2014.0
Patrick DiMarco,2012.0
Patrick Laird,2019.0
Patrick Mahomes,2017.0
Patrick Ricard,2017.0
Patrick Taylor,2018.0
Paul Perkins,2016.0
Paul Richardson,2014.0
Payne Durham,2023.0
Penny Hart,2020.0
Peyton Barber,2016.0
Peyton Hendershot,2022.0
Pharaoh Brown,2017.0
Pharoh Cooper,2016.0
Phil Dawson,1999.0
Philadelphia Eagles DST,
Philip Rivers,2004.0
Phillip Dorsett,2015.0
Phillip Lindsay,2018.0
Pierre Garcon,2008.0
Pierre Strong,2022.0
Pittsburgh Steelers DST,
Pressley Harvin III,2021.0
Preston Williams,2019.0
Puka Nacua,2023.0
Qadree Ollison,2019.0
Quentin Johnston,2023.0
Quez Watkins,2020.0
Quincy Enunwa,2014.0
Quintez Cephus,2020.0
Quintin Morris,2022.0
Racey McMath,2021.0
Rachaad White,2022.0
Raheem Blackshear,2022.0
Raheem Mostert,2015.0
Rakim Jarrett,2023.0
Ramel Keyton,2024.0
Ramiz Ahmed,2022.0
Randall Cobb,2011.0
Randy Bullock,2013.0
Rashaad Penny,2018.0
Rashad Greene,2015.0
Rashard Davis,2019.0
Rashard Higgins,2016.0
Rashee Rice,2023.0
Rasheen Ali,2024.0
Rashid Shaheed,2022.0
Rashod Bateman,2021.0
Ray Davis,2002.0
Ray-Ray McCloud,2018.0
Reggie Bonnafon,2019.0
Reggie Gilliam,2020.0
Rex Burkhead,2013.0
Rhamondre Stevenson,2021.0
Rhett Ellison,2012.0
Richard Rodgers,2014.0
Richie James,1997.0
Ricky Ortiz,2018.0
Ricky Pearsall,2024.0
Ricky Seals-Jones,2017.0
Rico Dowdle,2020.0
Rico Gathers,2018.0
Rigoberto Sanchez,2017.0
Riley Dixon,2016.0
Riley McCarron,2018.0
Riley Patterson,2021.0
Riley Ridley,2019.0
Rishard Matthews,2012.0
River Cracraft,2018.0
Rob Gronkowski,2010.0
Robbie Chosen,2016.0
Robbie Gould,2005.0
Robert Davis,1967.0
Robert Foster,1942.0
Robert Griffin III,2012.0
Robert Kelley,1955.0
Robert Tonyan,2018.0
Robert Turbin,2012.0
Robert Woods,1991.0
Roc Thomas,2018.0
Rod Smith,1995.0
Rod Streater,2012.0
Rodney Adams,2021.0
Rodney Smith,1992.0
Rodney Williams,1998.0
Rodrigo Blankenship,2020.0
Rome Odunze,2024.0
Romeo Doubs,2022.0
Ronald Jones II,2018.0
Rondale Moore,2021.0
Ronnie Bell,2023.0
Ronnie Rivers,2022.0
Roosevelt Nix,2015.0
Roschon Johnson,2023.0
Ross Dwelley,2018.0
Royce Freeman,2018.0
Russell Gage,2018.0
Russell Shepard,2013.0
Russell Wilson,2012.0
Ryan Finley,2019.0
Ryan Fitzpatrick,2005.0
Ryan Flournoy,2024.0
Ryan Grant,2007.0
Ryan Griffin,2013.0
Ryan Hewitt,2014.0
Ryan Izzo,2019.0
Ryan Miller,2012.0
Ryan Nall,2019.0
Ryan Santoso,2019.0
Ryan Stonehouse,2022.0
Ryan Succop,2009.0
Ryan Switzer,2017.0
Ryan Tannehill,2012.0
Ryan Winslow,2019.0
Ryan Wright,2022.0
Ryquell Armstead,2019.0
Salvon Ahmed,2020.0
Sam Bradford,1939.0
Sam Darnold,2018.0
Sam Ehlinger,2021.0
Sam Ficken,2017.0
Sam Howell,2022.0
Sam Koch,2006.0
Sam LaPorta,2023.0
Sam Martin,2013.0
Sam Sloman,2020.0
Samaje Perine,2017.0
Sammie Coates,2015.0
Sammy Watkins,2014.0
Samori Toure,2022.0
San Francisco 49ers DST,
Saquon Barkley,2018.0
Scott Miller,1986.0
Scott Simonson,2014.0
Scottie Phillips,2020.0
Sean Clifford,2023.0
Sean Culkin,2017.0
Sean Mannion,2015.0
Sean McKeon,2020.0
Sean Tucker,2023.0
Seattle Seahawks DST,
Sebastian Janikowski,2000.0
Senorise Perry,2014.0
Sergio Castillo,2020.0
Seth Devalve,2016.0
Seth Roberts,2015.0
Seth Williams,2021.0
Shane Zylstra,2021.0
Shaun Wilson,2018.0
Shedrick Jackson,2023.0
Shelton Gibson,2017.0
Shi Smith,2021.0
Simi Fehoko,2021.0
Sincere McCormick,2024.0
Sione Vaki,2024.0
Skylar Thompson,2022.0
Skyy Moore,2022.0
Snoop Conner,2022.0
Sony Michel,2018.0
Spencer Brown,2021.0
Spencer Rattler,2024.0
Spencer Shrader,2024.0
Spencer Ware,2013.0
Stacy Coley,2017.0
Stanley Morgan Jr.,2019.0
Stefon Diggs,2015.0
Stephen Anderson,2016.0
Stephen Carlson,2019.0
Stephen Gostkowski,2006.0
Stephen Hauschka,2008.0
Stephen Sullivan,2020.0
Sterling Hofrichter,2020.0
Sterling Shepard,2016.0
Stevan Ridley,2011.0
Steven Mitchell,2018.0
Steven Sims,2019.0
Stone Smartt,2022.0
T.J. Hockenson,2019.0
T.J. Jones,2015.0
T.J. Logan,2018.0
T.J. Yeldon,2015.0
T.Y. Hilton,2012.0
Taiwan Jones,2011.0
Tajae Sharpe,2016.0
Tampa Bay Buccaneers DST,
Tank Bigsby,2023.0
Tank Dell,2023.0
Tanner Conner,2022.0
Tanner Gentry,2017.0
Tanner Hudson,2019.0
Tanner McKee,2024.0
Taquan Mizzell,2017.0
Tarik Black,2021.0
Tarik Cohen,2017.0
Tavon Austin,2013.0
Tay Martin,2022.0
Taylor Bertolet,2022.0
Taylor Gabriel,2014.0
Taylor Heinicke,2017.0
Taylor Russolino,2020.0
Taysom Hill,2017.0
Taywan Taylor,2017.0
Teagan Quitoriano,2022.0
Ted Ginn Jr.,2007.0
Teddy Bridgewater,2014.0
Tee Higgins,2020.0
Temarrick Hemingway,2016.0
Tennessee Titans DST,
Terrace Marshall Jr.,2021.0
Terrance Williams,2013.0
Terrell Jennings,1976.0
Terrelle Pryor,2011.0
Terry Godwin,2020.0
Terry McLaurin,2019.0
Tevin Coleman,2015.0
Tevin Jones,2019.0
Theo Johnson,2024.0
Theo Riddick,2013.0
Thomas Morstead,2009.0
Tim Boyle,2019.0
Tim Jones,2022.0
Tim Patrick,1981.0
Tim White,2018.0
Tip Reiman,2024.0
Todd Gurley,2015.0
Tom Brady,2000.0
Tom Kennedy,1966.0
Tommy Bohanon,2013.0
Tommy DeVito,2023.0
Tommy Hudson,2021.0
Tommy Stevens,2020.0
Tommy Sweeney,2019.0
Tommy Townsend,2020.0
Tommy Tremble,2021.0
Tommylee Lewis,2016.0
Tony Brooks-James,2019.0
Tony Jones,1993.0
Tony Pollard,2019.0
Torrey Smith,2011.0
Tory Taylor,2024.0
Tra Carson,2018.0
Trace McSorley,2019.0
Travaris Cadet,2012.0
Travis Benjamin,2012.0
Travis Etienne,2022.0
Travis Fulgham,2019.0
Travis Homer,2019.0
Travis Kelce,2013.0
Trayveon Williams,2019.0
Tre Madden,2017.0
Tre Tucker,2023.0
Tre' McKitty,2021.0
Tre'Quan Smith,2018.0
Trent Sherfield,2018.0
Trent Taylor,2017.0
Trenton Cannon,2018.0
Trenton Gill,2022.0
Trenton Irwin,2019.0
Tress Way,2014.0
Trestan Ebner,2022.0
Trevon Wesco,2019.0
Trevor Davis,2016.0
Trevor Lawrence,2021.0
Trevor Siemian,2015.0
Trey Benson,2024.0
Trey Burton,2014.0
Trey Edmunds,2017.0
Trey Lance,2021.0
Trey McBride,2022.0
Trey Palmer,2023.0
Trey Quinn,2018.0
Trey Ragas,2021.0
Trey Sermon,2021.0
Treylon Burks,2022.0
Trinity Benson,2021.0
Trishton Jackson,2023.0
Tristan Vizcaino,2020.0
Troy Franklin,2024.0
Troy Fumagalli,2019.0
Troy Hairston,2022.0
Troymaine Pope,2016.0
Tua Tagovailoa,2020.0
Tucker Fisk,2023.0
Tucker Kraft,2023.0
Tutu Atwell,2021.0
Ty Chandler,2022.0
Ty Johnson,2018.0
Ty Long,2019.0
Ty Montgomery,2015.0
Ty Zentner,2023.0
Ty'Son Williams,2021.0
Tyjae Spears,2023.0
Tylan Wallace,2021.0
Tyler Allgeier,2022.0
Tyler Badie,2022.0
Tyler Bass,2020.0
Tyler Boyd,2016.0
Tyler Bray,2007.0
Tyler Conklin,2018.0
Tyler Davis,2020.0
Tyler Eifert,2013.0
Tyler Ervin,2016.0
Tyler Goodson,2023.0
Tyler Higbee,2016.0
Tyler Huntley,2020.0
Tyler Johnson,2018.0
Tyler Kroft,2015.0
Tyler Lockett,2015.0
Tyler Mabry,2021.0
Tyler Scott,2006.0
Tyquan Thornton,2022.0
Tyree Jackson,2020.0
Tyreek Hill,2016.0
Tyreik McAllister,2024.0
Tyrell Shavers,2024.0
Tyrell Williams,2015.0
Tyrie Cleveland,2020.0
Tyrion Davis-Price,2022.0
Tyrod Taylor,2011.0
Tyron Johnson,2020.0
Tyrone Swoopes,2017.0
Tyrone Tracy Jr.,2024.0
Tyson Bagent,2023.0
Van Jefferson,1991.0
Vance McDonald,2013.0
Velus Jones Jr.,2022.0
Ventell Bryant,2019.0
Vernon Davis,1971.0
Victor Bolden,2018.0
Virgil Green,2011.0
Vyncint Smith,2018.0
Wan'Dale Robinson,2022.0
Washington Commanders DST,
Washington Football Team DST,
Washington Redskins DST,
Wayne Gallman,2017.0
Wendell Smallwood,2016.0
Wes Hills,2019.0
Wil Lutz,2016.0
Will Dissly,2018.0
Will Fuller,2016.0
Will Grier,2019.0
Will Levis,2023.0
Will Mallory,2023.0
Will Reichard,1952.0
Will Shipley,2024.0
Willie Snead,2015.0
Xavier Gipson,2023.0
Xavier Grimble,2016.0
Xavier Hutchinson,2023.0
Xavier Legette,2024.0
Xavier Smith,2011.0
Xavier Weaver,2024.0
Xavier Worthy,2024.0
Younghoe Koo,2017.0
Zach Charbonnet,2023.0
Zach Davidson,2024.0
Zach Ertz,2013.0
Zach Evans,2023.0
Zach Gentry,2019.0
Zach Line,2013.0
Zach Pascal,2018.0
Zach Wilson,2021.0
Zach Zenner,2015.0
Zack Moss,2020.0
Zamir White,2022.0
Zander Horvath,2022.0
Zane Gonzalez,2017.0
Zay Flowers,2023.0
Zay Jones,2017.0
Zonovan Knight,2022.0
